,adress name,category,place name,place url,road adress name,x,y
0,경기 고양시 덕양구 대자동 636-3,"음식점 > 한식 > 사철탕,영양탕",현정이네옻닭보신탕,http://place.map.kakao.com/16600057,경기 고양시 덕양구 동헌로 273,126.884842372369,37.7120536921524
1,경기 고양시 덕양구 대자동 636-3,"음식점 > 한식 > 사철탕,영양탕",현정이네옻닭보신탕,http://place.map.kakao.com/16600057,경기 고양시 덕양구 동헌로 273,126.884842372369,37.7120536921524
2,경기 고양시 덕양구 대자동 620-8,음식점 > 한식,가정식백반 맛있는통닭,http://place.map.kakao.com/871721374,경기 고양시 덕양구 동헌로307번길 3-9,126.8874288767532,37.71156966445705
3,경기 고양시 덕양구 대자동 620-8,음식점 > 한식,가정식백반 맛있는통닭,http://place.map.kakao.com/871721374,경기 고양시 덕양구 동헌로307번길 3-9,126.8874288767532,37.71156966445705
4,경기 고양시 덕양구 고양동 68-2,음식점 > 한식,장군집,http://place.map.kakao.com/15910642,경기 고양시 덕양구 벽제관로 38-32,126.89915566210455,37.70475810308778
5,경기 고양시 덕양구 고양동 68-2,음식점 > 한식 > 국수,우정손칼국수돈까스,http://place.map.kakao.com/59568450,경기 고양시 덕양구 벽제관로 38-32,126.89913186279344,37.70474727103791
6,경기 고양시 덕양구 고양동 68-2,음식점 > 한식,장군집,http://place.map.kakao.com/15910642,경기 고양시 덕양구 벽제관로 38-32,126.89915566210455,37.70475810308778
7,경기 고양시 덕양구 고양동 68-2,음식점 > 한식 > 국수,우정손칼국수돈까스,http://place.map.kakao.com/59568450,경기 고양시 덕양구 벽제관로 38-32,126.89913186279344,37.70474727103791
8,경기 고양시 덕양구 고양동 384-1,음식점 > 한식,여기가좋겠네,http://place.map.kakao.com/146834228,경기 고양시 덕양구 동헌로 419,126.89849356051342,37.7063081117541
9,경기 고양시 덕양구 고양동 384-1,음식점 > 한식,여기가좋겠네,http://place.map.kakao.com/146834228,경기 고양시 덕양구 동헌로 419,126.89849356051342,37.7063081117541
10,경기 고양시 덕양구 고양동 60-2,음식점 > 한식 > 한정식,황금식당,http://place.map.kakao.com/26630287,경기 고양시 덕양구 벽제관로 38-14,126.89974593339632,37.704318930896484
11,경기 고양시 덕양구 고양동 60-2,음식점 > 한식 > 한정식,황금식당,http://place.map.kakao.com/26630287,경기 고양시 덕양구 벽제관로 38-14,126.89974593339632,37.704318930896484
12,경기 고양시 덕양구 고양동 29,"음식점 > 한식 > 육류,고기",한우존,http://place.map.kakao.com/1912082370,경기 고양시 덕양구 동헌로 435,126.900094794543,37.7063130832385
13,경기 고양시 덕양구 고양동 29,음식점 > 한식,일산두마리코다리,http://place.map.kakao.com/1163554251,경기 고양시 덕양구 동헌로 435,126.90009663809846,37.706629326736405
14,경기 고양시 덕양구 고양동 29,"음식점 > 한식 > 육류,고기",한우존,http://place.map.kakao.com/1912082370,경기 고양시 덕양구 동헌로 435,126.900094794543,37.7063130832385
15,경기 고양시 덕양구 고양동 29,음식점 > 한식,일산두마리코다리,http://place.map.kakao.com/1163554251,경기 고양시 덕양구 동헌로 435,126.90009663809846,37.706629326736405
16,경기 고양시 덕양구 고양동 12-23,음식점 > 한식,금수강산,http://place.map.kakao.com/18661043,경기 고양시 덕양구 혜음로107번길 29,126.89990525451864,37.71064660679179
17,경기 고양시 덕양구 고양동 12-23,음식점 > 한식,금수강산,http://place.map.kakao.com/18661043,경기 고양시 덕양구 혜음로107번길 29,126.89990525451864,37.71064660679179
18,경기 고양시 덕양구 벽제동 331-1,음식점 > 한식,산아래메밀집,http://place.map.kakao.com/2115591375,경기 고양시 덕양구 혜음로 195-5,126.9000247028801,37.71712470429381
19,경기 고양시 덕양구 벽제동 331-1,음식점 > 한식,산아래메밀집,http://place.map.kakao.com/2115591375,경기 고양시 덕양구 혜음로 195-5,126.9000247028801,37.71712470429381
20,경기 고양시 덕양구 벽제동 434-2,음식점 > 한식 > 국수,초가본국수,http://place.map.kakao.com/611654148,경기 고양시 덕양구 혜음로 204,126.89997648722475,37.718399539409745
21,경기 고양시 덕양구 벽제동 434-2,음식점 > 한식 > 국수,초가본국수,http://place.map.kakao.com/611654148,경기 고양시 덕양구 혜음로 204,126.89997648722475,37.718399539409745
22,경기 고양시 덕양구 벽제동 438-3,"음식점 > 한식 > 사철탕,영양탕",청솔흑염소,http://place.map.kakao.com/19156674,경기 고양시 덕양구 혜음로 214,126.89942523036751,37.719262201883716
23,경기 고양시 덕양구 벽제동 438-3,음식점 > 한식 > 국밥,곤지암할매소머리국밥 벽제점,http://place.map.kakao.com/288733602,경기 고양시 덕양구 혜음로 214,126.899408268245,37.7192243465796
24,경기 고양시 덕양구 벽제동 438-3,"음식점 > 한식 > 사철탕,영양탕",청솔흑염소,http://place.map.kakao.com/19156674,경기 고양시 덕양구 혜음로 214,126.89942523036751,37.719262201883716
25,경기 고양시 덕양구 벽제동 438-3,음식점 > 한식 > 국밥,곤지암할매소머리국밥 벽제점,http://place.map.kakao.com/288733602,경기 고양시 덕양구 혜음로 214,126.899408268245,37.7192243465796
26,경기 고양시 덕양구 고양동 248-74,음식점 > 한식 > 순대 > 큰맘할매순대국,큰맘할매순대국 고양동점,http://place.map.kakao.com/27493769,경기 고양시 덕양구 읍내로 15,126.90122072287811,37.70044958781106
27,경기 고양시 덕양구 고양동 248-74,"음식점 > 한식 > 육류,고기 > 곱창,막창",곱창뽀까막창꾸워,http://place.map.kakao.com/20610336,경기 고양시 덕양구 읍내로 15,126.90122070853205,37.700460399500294
28,경기 고양시 덕양구 고양동 248-74,음식점 > 한식 > 순대 > 큰맘할매순대국,큰맘할매순대국 고양동점,http://place.map.kakao.com/27493769,경기 고양시 덕양구 읍내로 15,126.90122072287811,37.70044958781106
29,경기 고양시 덕양구 고양동 248-74,"음식점 > 한식 > 육류,고기 > 곱창,막창",곱창뽀까막창꾸워,http://place.map.kakao.com/20610336,경기 고양시 덕양구 읍내로 15,126.90122070853205,37.700460399500294
30,경기 고양시 덕양구 고양동 233-11,"음식점 > 한식 > 육류,고기",선택21,http://place.map.kakao.com/1141847406,경기 고양시 덕양구 혜음로 29-15,126.90101512584116,37.70327487265337
31,경기 고양시 덕양구 고양동 233-11,"음식점 > 한식 > 육류,고기",선택21,http://place.map.kakao.com/1141847406,경기 고양시 덕양구 혜음로 29-15,126.90101512584116,37.70327487265337
32,경기 고양시 덕양구 고양동 922,"음식점 > 한식 > 해물,생선 > 추어",부엉이남원추어탕,http://place.map.kakao.com/397276918,경기 고양시 덕양구 혜음로 178,126.90122687002,37.7163247529132
33,경기 고양시 덕양구 고양동 854,음식점 > 한식 > 국수,조은국수,http://place.map.kakao.com/746448933,경기 고양시 덕양구 혜음로 168,126.901291406991,37.7155535743019
34,경기 고양시 덕양구 고양동 915,"음식점 > 한식 > 육류,고기",한우한돈정육식당 고양점,http://place.map.kakao.com/1389004092,경기 고양시 덕양구 혜음로 174,126.901251091871,37.716020244431
35,경기 고양시 덕양구 고양동 922,"음식점 > 한식 > 해물,생선 > 추어",부엉이남원추어탕,http://place.map.kakao.com/397276918,경기 고양시 덕양구 혜음로 178,126.90122687002,37.7163247529132
36,경기 고양시 덕양구 고양동 854,음식점 > 한식 > 국수,조은국수,http://place.map.kakao.com/746448933,경기 고양시 덕양구 혜음로 168,126.901291406991,37.7155535743019
37,경기 고양시 덕양구 고양동 915,"음식점 > 한식 > 육류,고기",한우한돈정육식당 고양점,http://place.map.kakao.com/1389004092,경기 고양시 덕양구 혜음로 174,126.901251091871,37.716020244431
38,경기 고양시 덕양구 고양동 944,"음식점 > 한식 > 해물,생선 > 회",팔딱팔딱 회포차,http://place.map.kakao.com/27164145,경기 고양시 덕양구 혜음로 184,126.9012670211843,37.71683653900099
39,경기 고양시 덕양구 고양동 944,"음식점 > 한식 > 해물,생선 > 회",팔딱팔딱 회포차,http://place.map.kakao.com/27164145,경기 고양시 덕양구 혜음로 184,126.9012670211843,37.71683653900099
40,경기 고양시 덕양구 대자동 38-2,음식점 > 한식,서오릉 다슬기 고양점,http://place.map.kakao.com/1191568702,경기 고양시 덕양구 호국로 1619,126.901870922139,37.6958028992346
41,경기 고양시 덕양구 대자동 38-2,음식점 > 한식,서오릉 다슬기 고양점,http://place.map.kakao.com/1191568702,경기 고양시 덕양구 호국로 1619,126.901870922139,37.6958028992346
42,경기 고양시 덕양구 대자동 4-4,음식점 > 한식 > 국수,송하수제비칼국수,http://place.map.kakao.com/1698309767,경기 고양시 덕양구 호국로 1635,126.901935822825,37.6973192953383
43,경기 고양시 덕양구 대자동 4-4,음식점 > 한식 > 국수,송하수제비칼국수,http://place.map.kakao.com/1698309767,경기 고양시 덕양구 호국로 1635,126.901935822825,37.6973192953383
44,경기 고양시 덕양구 대자동 4,음식점 > 한식 > 국수,천서리막국수,http://place.map.kakao.com/10856316,경기 고양시 덕양구 호국로 1643,126.9020630854625,37.697978014223246
45,경기 고양시 덕양구 대자동 4,음식점 > 한식 > 국수,천서리막국수,http://place.map.kakao.com/10856316,경기 고양시 덕양구 호국로 1643,126.9020630854625,37.697978014223246
46,경기 고양시 덕양구 대자동 3,음식점 > 한식 > 감자탕,별미감자탕,http://place.map.kakao.com/1952200272,경기 고양시 덕양구 호국로 1653,126.9022524631523,37.698828692159395
47,경기 고양시 덕양구 대자동 3,음식점 > 한식 > 감자탕,별미감자탕,http://place.map.kakao.com/1952200272,경기 고양시 덕양구 호국로 1653,126.9022524631523,37.698828692159395
48,경기 고양시 덕양구 고양동 244-5,"음식점 > 한식 > 해물,생선 > 회",만선,http://place.map.kakao.com/18780639,경기 고양시 덕양구 읍내로 7,126.90221872565557,37.70034230260056
49,경기 고양시 덕양구 고양동 244-5,"음식점 > 한식 > 해물,생선 > 회",만선,http://place.map.kakao.com/18780639,경기 고양시 덕양구 읍내로 7,126.90221872565557,37.70034230260056
50,경기 고양시 덕양구 고양동 240-6,음식점 > 한식 > 국밥,전주콩나물국밥,http://place.map.kakao.com/22549744,경기 고양시 덕양구 읍내로 16,126.90139837917313,37.70072993975173
51,경기 고양시 덕양구 고양동 243,"음식점 > 한식 > 육류,고기 > 족발,보쌈 > 원할머니보쌈족발",원할머니보쌈족발 고양배달점,http://place.map.kakao.com/1743833144,경기 고양시 덕양구 혜음로 8,126.901823148062,37.7010771695674
52,경기 고양시 덕양구 고양동 240-6,음식점 > 한식,별난식당,http://place.map.kakao.com/24075159,경기 고양시 덕양구 읍내로 16,126.901456146746,37.7007777397208
53,경기 고양시 덕양구 고양동 240-6,음식점 > 한식 > 국밥,전주콩나물국밥,http://place.map.kakao.com/22549744,경기 고양시 덕양구 읍내로 16,126.90139837917313,37.70072993975173
54,경기 고양시 덕양구 고양동 243,"음식점 > 한식 > 육류,고기 > 족발,보쌈 > 원할머니보쌈족발",원할머니보쌈족발 고양배달점,http://place.map.kakao.com/1743833144,경기 고양시 덕양구 혜음로 8,126.901823148062,37.7010771695674
55,경기 고양시 덕양구 고양동 240-6,음식점 > 한식,별난식당,http://place.map.kakao.com/24075159,경기 고양시 덕양구 읍내로 16,126.901456146746,37.7007777397208
56,경기 고양시 덕양구 고양동 231-1,음식점 > 한식 > 죽 > 본죽,본죽 고양점,http://place.map.kakao.com/11075313,경기 고양시 덕양구 혜음로 21,126.90164889020404,37.702514079322576
57,경기 고양시 덕양구 고양동 231-1,음식점 > 한식,두꺼비식당,http://place.map.kakao.com/16157468,경기 고양시 덕양구 혜음로 21,126.90160348757341,37.70254737751143
58,경기 고양시 덕양구 고양동 206-3,"음식점 > 한식 > 찌개,전골 > 땅스부대찌개",땅스부대찌개 일산고양점,http://place.map.kakao.com/2027345497,경기 고양시 덕양구 혜음로 20,126.90209396703,37.7020864866708
59,경기 고양시 덕양구 고양동 231-1,음식점 > 한식 > 죽 > 본죽,본죽 고양점,http://place.map.kakao.com/11075313,경기 고양시 덕양구 혜음로 21,126.90164889020404,37.702514079322576
60,경기 고양시 덕양구 고양동 231-1,음식점 > 한식,두꺼비식당,http://place.map.kakao.com/16157468,경기 고양시 덕양구 혜음로 21,126.90160348757341,37.70254737751143
61,경기 고양시 덕양구 고양동 206-3,"음식점 > 한식 > 찌개,전골 > 땅스부대찌개",땅스부대찌개 일산고양점,http://place.map.kakao.com/2027345497,경기 고양시 덕양구 혜음로 20,126.90209396703,37.7020864866708
62,경기 고양시 덕양구 고양동 197,"음식점 > 한식 > 육류,고기",산지태한우 소양념갈비 본사직영점,http://place.map.kakao.com/441051260,경기 고양시 덕양구 혜음로 30,126.902083577489,37.7030883620045
63,경기 고양시 덕양구 고양동 221,음식점 > 한식 > 한정식,내고향숯불갈비,http://place.map.kakao.com/968531993,경기 고양시 덕양구 혜음로 29-2,126.9017157324903,37.703419614653534
64,경기 고양시 덕양구 고양동 227,"음식점 > 한식 > 해물,생선",호남식당,http://place.map.kakao.com/10990240,경기 고양시 덕양구 혜음로 25,126.90174822595755,37.702857433521565
65,경기 고양시 덕양구 고양동 128-1,"음식점 > 한식 > 해물,생선 > 장어",꼼선생 고양동본점,http://place.map.kakao.com/468583804,경기 고양시 덕양구 벽제관로 25,126.90137059730385,37.70372565784356
66,경기 고양시 덕양구 고양동 227,음식점 > 한식 > 주먹밥 > 봉구스밥버거,봉구스밥버거 고양동점,http://place.map.kakao.com/23981059,경기 고양시 덕양구 혜음로 25,126.90173008244776,37.70285741840218
67,경기 고양시 덕양구 고양동 225-4,음식점 > 한식,고집통,http://place.map.kakao.com/22987494,경기 고양시 덕양구 혜음로 29-5,126.901638845818,37.7032501673041
68,경기 고양시 덕양구 고양동 234-1,"음식점 > 한식 > 육류,고기 > 닭요리",흥부찜닭 고양점,http://place.map.kakao.com/1716011546,경기 고양시 덕양구 혜음로 29-9,126.90135765097831,37.70322650706124
69,경기 고양시 덕양구 고양동 197,"음식점 > 한식 > 육류,고기",산지태한우 소양념갈비 본사직영점,http://place.map.kakao.com/441051260,경기 고양시 덕양구 혜음로 30,126.902083577489,37.7030883620045
70,경기 고양시 덕양구 고양동 221,음식점 > 한식 > 한정식,내고향숯불갈비,http://place.map.kakao.com/968531993,경기 고양시 덕양구 혜음로 29-2,126.9017157324903,37.703419614653534
71,경기 고양시 덕양구 고양동 227,"음식점 > 한식 > 해물,생선",호남식당,http://place.map.kakao.com/10990240,경기 고양시 덕양구 혜음로 25,126.90174822595755,37.702857433521565
72,경기 고양시 덕양구 고양동 128-1,"음식점 > 한식 > 해물,생선 > 장어",꼼선생 고양동본점,http://place.map.kakao.com/468583804,경기 고양시 덕양구 벽제관로 25,126.90137059730385,37.70372565784356
73,경기 고양시 덕양구 고양동 227,음식점 > 한식 > 주먹밥 > 봉구스밥버거,봉구스밥버거 고양동점,http://place.map.kakao.com/23981059,경기 고양시 덕양구 혜음로 25,126.90173008244776,37.70285741840218
74,경기 고양시 덕양구 고양동 225-4,음식점 > 한식,고집통,http://place.map.kakao.com/22987494,경기 고양시 덕양구 혜음로 29-5,126.901638845818,37.7032501673041
75,경기 고양시 덕양구 고양동 234-1,"음식점 > 한식 > 육류,고기 > 닭요리",흥부찜닭 고양점,http://place.map.kakao.com/1716011546,경기 고양시 덕양구 혜음로 29-9,126.90135765097831,37.70322650706124
76,경기 고양시 덕양구 고양동 117-1,음식점 > 한식 > 감자탕 > 참이맛감자탕,참이맛감자탕 고양점,http://place.map.kakao.com/13122427,경기 고양시 덕양구 벽제관로 26,126.90156532299197,37.70396728175155
77,경기 고양시 덕양구 고양동 120-1,"음식점 > 한식 > 육류,고기",우리도한번잘구워보세,http://place.map.kakao.com/1490683922,경기 고양시 덕양구 혜음로 43,126.9019548303765,37.704410885743684
78,경기 고양시 덕양구 고양동 148-2,"음식점 > 한식 > 육류,고기",육회본가 고양점,http://place.map.kakao.com/1158965046,경기 고양시 덕양구 혜음로 46,126.90228130208922,37.70450125420438
79,경기 고양시 덕양구 고양동 117-1,음식점 > 한식 > 감자탕 > 참이맛감자탕,참이맛감자탕 고양점,http://place.map.kakao.com/13122427,경기 고양시 덕양구 벽제관로 26,126.90156532299197,37.70396728175155
80,경기 고양시 덕양구 고양동 120-1,"음식점 > 한식 > 육류,고기",우리도한번잘구워보세,http://place.map.kakao.com/1490683922,경기 고양시 덕양구 혜음로 43,126.9019548303765,37.704410885743684
81,경기 고양시 덕양구 고양동 148-2,"음식점 > 한식 > 육류,고기",육회본가 고양점,http://place.map.kakao.com/1158965046,경기 고양시 덕양구 혜음로 46,126.90228130208922,37.70450125420438
82,경기 고양시 덕양구 고양동 40-1,"음식점 > 한식 > 육류,고기 > 삼겹살",골목집추억의냉동삼겹살,http://place.map.kakao.com/61570397,경기 고양시 덕양구 혜음로 53-1,126.901942201414,37.7053893334725
83,경기 고양시 덕양구 고양동 43,"음식점 > 한식 > 육류,고기 > 삼겹살",삼겹살&부대찌개식당,http://place.map.kakao.com/1220372751,경기 고양시 덕양구 혜음로 49,126.902067393949,37.7050461662791
84,경기 고양시 덕양구 고양동 40-1,"음식점 > 한식 > 육류,고기 > 삼겹살",골목집추억의냉동삼겹살,http://place.map.kakao.com/61570397,경기 고양시 덕양구 혜음로 53-1,126.901942201414,37.7053893334725
85,경기 고양시 덕양구 고양동 43,"음식점 > 한식 > 육류,고기 > 삼겹살",삼겹살&부대찌개식당,http://place.map.kakao.com/1220372751,경기 고양시 덕양구 혜음로 49,126.902067393949,37.7050461662791
86,경기 고양시 덕양구 고양동 31-30,"음식점 > 한식 > 해물,생선 > 회",울돌목,http://place.map.kakao.com/9307766,경기 고양시 덕양구 동헌로 448,126.90168918304907,37.7063495613681
87,경기 고양시 덕양구 고양동 31-30,"음식점 > 한식 > 해물,생선 > 회",울돌목,http://place.map.kakao.com/9307766,경기 고양시 덕양구 동헌로 448,126.90168918304907,37.7063495613681
88,경기 고양시 덕양구 고양동 26-3,"음식점 > 한식 > 해물,생선",낙지가 고양점,http://place.map.kakao.com/21581990,경기 고양시 덕양구 혜음로 77,126.90205982405,37.70735175305
89,경기 고양시 덕양구 고양동 26-3,"음식점 > 한식 > 육류,고기 > 족발,보쌈",천하제일족,http://place.map.kakao.com/1617024055,경기 고양시 덕양구 혜음로 77,126.90205982405047,37.70735175305
90,경기 고양시 덕양구 고양동 26-3,"음식점 > 한식 > 해물,생선",낙지가 고양점,http://place.map.kakao.com/21581990,경기 고양시 덕양구 혜음로 77,126.90205982405,37.70735175305
91,경기 고양시 덕양구 고양동 26-3,"음식점 > 한식 > 육류,고기 > 족발,보쌈",천하제일족,http://place.map.kakao.com/1617024055,경기 고양시 덕양구 혜음로 77,126.90205982405047,37.70735175305
92,경기 고양시 덕양구 고양동 8-9,"음식점 > 한식 > 육류,고기",진짜배기,http://place.map.kakao.com/26154048,경기 고양시 덕양구 혜음로 91-2,126.90183127187,37.7086741927466
93,경기 고양시 덕양구 고양동 7-8,"음식점 > 한식 > 육류,고기",원플러스,http://place.map.kakao.com/1107636893,경기 고양시 덕양구 혜음로 95,126.901699378405,37.7089335633235
94,경기 고양시 덕양구 고양동 8-9,"음식점 > 한식 > 육류,고기",진짜배기,http://place.map.kakao.com/26154048,경기 고양시 덕양구 혜음로 91-2,126.90183127187,37.7086741927466
95,경기 고양시 덕양구 고양동 7-8,"음식점 > 한식 > 육류,고기",원플러스,http://place.map.kakao.com/1107636893,경기 고양시 덕양구 혜음로 95,126.901699378405,37.7089335633235
96,경기 고양시 덕양구 고양동 457,"음식점 > 한식 > 해물,생선 > 회",푸른바다수산,http://place.map.kakao.com/1210429271,경기 고양시 덕양구 혜음로 116,126.90181618095701,37.71065722329238
97,경기 고양시 덕양구 고양동 457,"음식점 > 한식 > 해물,생선 > 회",푸른바다수산,http://place.map.kakao.com/1210429271,경기 고양시 덕양구 혜음로 116,126.90181618095701,37.71065722329238
98,경기 고양시 덕양구 고양동 874,"음식점 > 한식 > 육류,고기 > 족발,보쌈",바리바리 매운족발닭발,http://place.map.kakao.com/18889797,경기 고양시 덕양구 푸른마을로120번길 31,126.902343545882,37.7158319500892
99,경기 고양시 덕양구 고양동 874,"음식점 > 한식 > 육류,고기 > 족발,보쌈",바리바리 매운족발닭발,http://place.map.kakao.com/18889797,경기 고양시 덕양구 푸른마을로120번길 31,126.902343545882,37.7158319500892
100,경기 고양시 덕양구 고양동 1071,음식점 > 한식 > 한정식,소문난고깃집,http://place.map.kakao.com/26800014,경기 고양시 덕양구 보광로 5,126.9014926504167,37.71774851193283
101,경기 고양시 덕양구 고양동 969,"음식점 > 한식 > 해물,생선",삼거리아구찜전문,http://place.map.kakao.com/380562553,경기 고양시 덕양구 보광로 8,126.901600570661,37.7176188620178
102,경기 고양시 덕양구 고양동 1071,음식점 > 한식 > 한정식,소문난고깃집,http://place.map.kakao.com/26800014,경기 고양시 덕양구 보광로 5,126.9014926504167,37.71774851193283
103,경기 고양시 덕양구 고양동 969,"음식점 > 한식 > 해물,생선",삼거리아구찜전문,http://place.map.kakao.com/380562553,경기 고양시 덕양구 보광로 8,126.901600570661,37.7176188620178
104,경기 고양시 덕양구 벽제동 243-11,음식점 > 한식 > 순대,고향옥얼큰순대국 고양직영점,http://place.map.kakao.com/379336465,경기 고양시 덕양구 호국로 1654,126.90291929976235,37.69875356110933
105,경기 고양시 덕양구 벽제동 243-11,음식점 > 한식 > 순대,고향옥얼큰순대국 고양직영점,http://place.map.kakao.com/379336465,경기 고양시 덕양구 호국로 1654,126.90291929976235,37.69875356110933
106,경기 고양시 덕양구 고양동 444-4,"음식점 > 한식 > 해물,생선 > 장어",우리민물장어,http://place.map.kakao.com/1610739583,,126.903253310393,37.7008774342085
107,경기 고양시 덕양구 고양동 444-4,"음식점 > 한식 > 해물,생선 > 장어",우리민물장어,http://place.map.kakao.com/1610739583,,126.903253310393,37.7008774342085
108,경기 고양시 덕양구 고양동 133,"음식점 > 한식 > 찌개,전골",고양양푼김치찌개마을,http://place.map.kakao.com/21222184,경기 고양시 덕양구 벽제관로 16,126.902554390218,37.7037915122614
109,경기 고양시 덕양구 고양동 133,"음식점 > 한식 > 찌개,전골",고양양푼김치찌개마을,http://place.map.kakao.com/21222184,경기 고양시 덕양구 벽제관로 16,126.902554390218,37.7037915122614
110,경기 고양시 덕양구 고양동 140,음식점 > 한식,장군 주먹고기,http://place.map.kakao.com/16915711,경기 고양시 덕양구 혜음로 38-1,126.90244984174042,37.70396080903753
111,경기 고양시 덕양구 고양동 140,음식점 > 한식,고양집,http://place.map.kakao.com/16825165,경기 고양시 덕양구 혜음로 38-1,126.90243171213325,37.70394998234253
112,경기 고양시 덕양구 고양동 140,음식점 > 한식,장군 주먹고기,http://place.map.kakao.com/16915711,경기 고양시 덕양구 혜음로 38-1,126.90244984174042,37.70396080903753
113,경기 고양시 덕양구 고양동 140,음식점 > 한식,고양집,http://place.map.kakao.com/16825165,경기 고양시 덕양구 혜음로 38-1,126.90243171213325,37.70394998234253
114,경기 고양시 덕양구 고양동 152-2,"음식점 > 한식 > 육류,고기 > 곱창,막창",화로불속 산골옛날막창,http://place.map.kakao.com/15464193,경기 고양시 덕양구 혜음로 50,126.902430450799,37.7049122220699
115,경기 고양시 덕양구 고양동 152-2,"음식점 > 한식 > 육류,고기 > 족발,보쌈",고양한방족발,http://place.map.kakao.com/21329397,경기 고양시 덕양구 혜음로 50,126.902430450799,37.7049122220699
116,경기 고양시 덕양구 고양동 152-2,"음식점 > 한식 > 육류,고기 > 곱창,막창",화로불속 산골옛날막창,http://place.map.kakao.com/15464193,경기 고양시 덕양구 혜음로 50,126.902430450799,37.7049122220699
117,경기 고양시 덕양구 고양동 152-2,"음식점 > 한식 > 육류,고기 > 족발,보쌈",고양한방족발,http://place.map.kakao.com/21329397,경기 고양시 덕양구 혜음로 50,126.902430450799,37.7049122220699
118,경기 고양시 덕양구 고양동 170,"음식점 > 한식 > 육류,고기 > 곱창,막창",동대문곱창,http://place.map.kakao.com/19145009,경기 고양시 덕양구 혜음로 62,126.902601432404,37.7059719092658
119,경기 고양시 덕양구 고양동 33-6,"음식점 > 한식 > 육류,고기",쉐프의고깃간,http://place.map.kakao.com/248867820,경기 고양시 덕양구 혜음로 71,126.902459643006,37.7068655584649
120,경기 고양시 덕양구 고양동 170,"음식점 > 한식 > 육류,고기 > 곱창,막창",동대문곱창,http://place.map.kakao.com/19145009,경기 고양시 덕양구 혜음로 62,126.902601432404,37.7059719092658
121,경기 고양시 덕양구 고양동 33-6,"음식점 > 한식 > 육류,고기",쉐프의고깃간,http://place.map.kakao.com/248867820,경기 고양시 덕양구 혜음로 71,126.902459643006,37.7068655584649
122,경기 고양시 덕양구 고양동 176-8,"음식점 > 한식 > 육류,고기 > 족발,보쌈",소문난왕족발,http://place.map.kakao.com/17260354,경기 고양시 덕양구 동헌로 461,126.903003761577,37.7070317865654
123,경기 고양시 덕양구 고양동 176-8,"음식점 > 한식 > 해물,생선",어부지리,http://place.map.kakao.com/1011612240,경기 고양시 덕양구 동헌로 461,126.90301737936515,37.70702458997415
124,경기 고양시 덕양구 고양동 176-8,"음식점 > 한식 > 육류,고기 > 족발,보쌈",소문난왕족발,http://place.map.kakao.com/17260354,경기 고양시 덕양구 동헌로 461,126.903003761577,37.7070317865654
125,경기 고양시 덕양구 고양동 176-8,"음식점 > 한식 > 해물,생선",어부지리,http://place.map.kakao.com/1011612240,경기 고양시 덕양구 동헌로 461,126.90301737936515,37.70702458997415
126,경기 고양시 덕양구 고양동 721,"음식점 > 한식 > 육류,고기",부속창고,http://place.map.kakao.com/1151973631,경기 고양시 덕양구 푸른마을로 6,126.902887912967,37.7089057170577
127,경기 고양시 덕양구 고양동 721,"음식점 > 한식 > 해물,생선 > 조개",조개마을,http://place.map.kakao.com/793975532,경기 고양시 덕양구 푸른마을로 6,126.90279287304098,37.70873625566124
128,경기 고양시 덕양구 고양동 721,음식점 > 한식 > 국수 > 국수나무,국수나무 고양동점,http://place.map.kakao.com/15242693,경기 고양시 덕양구 푸른마을로 6,126.90298071690984,37.709050850240516
129,경기 고양시 덕양구 고양동 721,음식점 > 한식 > 국수,홍두깨칼국수,http://place.map.kakao.com/12638648,경기 고양시 덕양구 푸른마을로 6,126.902887908264,37.7089093209491
130,경기 고양시 덕양구 고양동 721,"음식점 > 한식 > 육류,고기 > 오리",자매한방 오리,http://place.map.kakao.com/21302685,경기 고양시 덕양구 푸른마을로 6,126.90292425934828,37.708862500244216
131,경기 고양시 덕양구 고양동 721,"음식점 > 한식 > 육류,고기 > 족발,보쌈",장충동영양왕족발,http://place.map.kakao.com/19583960,경기 고양시 덕양구 푸른마을로 6,126.902928800293,37.7088589000874
132,경기 고양시 덕양구 고양동 721,"음식점 > 한식 > 육류,고기",한촌돌구이,http://place.map.kakao.com/208803608,경기 고양시 덕양구 푸른마을로 6,126.903096384376,37.7090563512022
133,경기 고양시 덕양구 고양동 721,음식점 > 한식,뜸들이다 고양점,http://place.map.kakao.com/204879151,경기 고양시 덕양구 푸른마을로 6,126.902878849881,37.7088985018022
134,경기 고양시 덕양구 고양동 721,"음식점 > 한식 > 육류,고기",부속창고,http://place.map.kakao.com/1151973631,경기 고양시 덕양구 푸른마을로 6,126.902887912967,37.7089057170577
135,경기 고양시 덕양구 고양동 721,"음식점 > 한식 > 해물,생선 > 조개",조개마을,http://place.map.kakao.com/793975532,경기 고양시 덕양구 푸른마을로 6,126.90279287304098,37.70873625566124
136,경기 고양시 덕양구 고양동 721,음식점 > 한식 > 국수 > 국수나무,국수나무 고양동점,http://place.map.kakao.com/15242693,경기 고양시 덕양구 푸른마을로 6,126.90298071690984,37.709050850240516
137,경기 고양시 덕양구 고양동 721,음식점 > 한식 > 국수,홍두깨칼국수,http://place.map.kakao.com/12638648,경기 고양시 덕양구 푸른마을로 6,126.902887908264,37.7089093209491
138,경기 고양시 덕양구 고양동 721,"음식점 > 한식 > 육류,고기 > 오리",자매한방 오리,http://place.map.kakao.com/21302685,경기 고양시 덕양구 푸른마을로 6,126.90292425934828,37.708862500244216
139,경기 고양시 덕양구 고양동 721,"음식점 > 한식 > 육류,고기 > 족발,보쌈",장충동영양왕족발,http://place.map.kakao.com/19583960,경기 고양시 덕양구 푸른마을로 6,126.902928800293,37.7088589000874
140,경기 고양시 덕양구 고양동 721,"음식점 > 한식 > 육류,고기",한촌돌구이,http://place.map.kakao.com/208803608,경기 고양시 덕양구 푸른마을로 6,126.903096384376,37.7090563512022
141,경기 고양시 덕양구 고양동 721,음식점 > 한식,뜸들이다 고양점,http://place.map.kakao.com/204879151,경기 고양시 덕양구 푸른마을로 6,126.902878849881,37.7088985018022
142,경기 고양시 덕양구 벽제동 263-6,음식점 > 한식 > 국수,서해안칼국수,http://place.map.kakao.com/20648527,경기 고양시 덕양구 호국로 1721,126.90426406392811,37.70496508062407
143,경기 고양시 덕양구 벽제동 263-6,"음식점 > 한식 > 찌개,전골",쉐프의부대찌개 고양벽제점,http://place.map.kakao.com/164477712,경기 고양시 덕양구 호국로 1721,126.90424931843077,37.704967771574225
144,경기 고양시 덕양구 벽제동 263-6,음식점 > 한식 > 국수,서해안칼국수,http://place.map.kakao.com/20648527,경기 고양시 덕양구 호국로 1721,126.90426406392811,37.70496508062407
145,경기 고양시 덕양구 벽제동 263-6,"음식점 > 한식 > 찌개,전골",쉐프의부대찌개 고양벽제점,http://place.map.kakao.com/164477712,경기 고양시 덕양구 호국로 1721,126.90424931843077,37.704967771574225
146,경기 고양시 덕양구 고양동 1132-13,"음식점 > 한식 > 육류,고기",음성농장,http://place.map.kakao.com/1446767520,경기 고양시 덕양구 푸른마을로 23-5,126.90375708720033,37.71028672147019
147,경기 고양시 덕양구 고양동 1132-20,"음식점 > 한식 > 육류,고기 > 닭요리",꼬치의품격 경기고양푸른마을점,http://place.map.kakao.com/1665873036,경기 고양시 덕양구 푸른마을로 23-8,126.904192551735,37.7103050955919
148,경기 고양시 덕양구 고양동 1132-20,"음식점 > 한식 > 해물,생선 > 회",푸른물고기,http://place.map.kakao.com/675199060,경기 고양시 덕양구 푸른마을로 23-8,126.904192542455,37.7103123033733
149,경기 고양시 덕양구 고양동 1132-13,"음식점 > 한식 > 육류,고기",음성농장,http://place.map.kakao.com/1446767520,경기 고양시 덕양구 푸른마을로 23-5,126.90375708720033,37.71028672147019
150,경기 고양시 덕양구 고양동 1132-20,"음식점 > 한식 > 육류,고기 > 닭요리",꼬치의품격 경기고양푸른마을점,http://place.map.kakao.com/1665873036,경기 고양시 덕양구 푸른마을로 23-8,126.904192551735,37.7103050955919
151,경기 고양시 덕양구 고양동 1132-20,"음식점 > 한식 > 해물,생선 > 회",푸른물고기,http://place.map.kakao.com/675199060,경기 고양시 덕양구 푸른마을로 23-8,126.904192542455,37.7103123033733
152,경기 고양시 덕양구 고양동 752,"음식점 > 한식 > 육류,고기 > 족발,보쌈",족발신도시,http://place.map.kakao.com/1105914322,경기 고양시 덕양구 푸른마을로 37,126.903991476896,37.7114491684138
153,경기 고양시 덕양구 고양동 752,"음식점 > 한식 > 육류,고기 > 족발,보쌈",족발신도시,http://place.map.kakao.com/1105914322,경기 고양시 덕양구 푸른마을로 37,126.903991476896,37.7114491684138
154,경기 고양시 덕양구 벽제동 212-19,"음식점 > 한식 > 육류,고기",필연,http://place.map.kakao.com/1326639800,경기 고양시 덕양구 호국로 1702-2,126.905209068571,37.702885493756
155,경기 고양시 덕양구 벽제동 212-19,"음식점 > 한식 > 육류,고기",필연,http://place.map.kakao.com/1326639800,경기 고양시 덕양구 호국로 1702-2,126.905209068571,37.702885493756
156,경기 고양시 덕양구 벽제동 208-6,음식점 > 한식 > 해장국,양평해장국 벽제점,http://place.map.kakao.com/1565098846,경기 고양시 덕양구 호국로 1718-7,126.904903157194,37.704456547207
157,경기 고양시 덕양구 벽제동 207-7,"음식점 > 한식 > 해물,생선 > 장어",백세장어마을,http://place.map.kakao.com/1501247776,경기 고양시 덕양구 호국로 1722,126.90496645378732,37.704618773649756
158,경기 고양시 덕양구 벽제동 207-7,"음식점 > 한식 > 육류,고기 > 갈비",종가대박집 고양점,http://place.map.kakao.com/13302241,경기 고양시 덕양구 호국로 1722,126.904975525758,37.7046187809611
159,경기 고양시 덕양구 벽제동 208-6,음식점 > 한식 > 해장국,양평해장국 벽제점,http://place.map.kakao.com/1565098846,경기 고양시 덕양구 호국로 1718-7,126.904903157194,37.704456547207
160,경기 고양시 덕양구 벽제동 207-7,"음식점 > 한식 > 해물,생선 > 장어",백세장어마을,http://place.map.kakao.com/1501247776,경기 고양시 덕양구 호국로 1722,126.90496645378732,37.704618773649756
161,경기 고양시 덕양구 벽제동 207-7,"음식점 > 한식 > 육류,고기 > 갈비",종가대박집 고양점,http://place.map.kakao.com/13302241,경기 고양시 덕양구 호국로 1722,126.904975525758,37.7046187809611
162,경기 고양시 덕양구 고양동 682,음식점 > 한식 > 감자탕,금강산감자탕 고양점,http://place.map.kakao.com/18841397,경기 고양시 덕양구 푸른마을로 34-6,126.905158716915,37.7103635390214
163,경기 고양시 덕양구 고양동 681,음식점 > 한식,모아돈,http://place.map.kakao.com/15987314,경기 고양시 덕양구 푸른마을로 30,126.904845718992,37.7103560790492
164,경기 고양시 덕양구 고양동 682,음식점 > 한식 > 감자탕,금강산감자탕 고양점,http://place.map.kakao.com/18841397,경기 고양시 덕양구 푸른마을로 34-6,126.905158716915,37.7103635390214
165,경기 고양시 덕양구 고양동 681,음식점 > 한식,모아돈,http://place.map.kakao.com/15987314,경기 고양시 덕양구 푸른마을로 30,126.904845718992,37.7103560790492
166,경기 고양시 덕양구 벽제동 192-1,"음식점 > 한식 > 사철탕,영양탕",옛날보신탕,http://place.map.kakao.com/15927837,경기 고양시 덕양구 호국로 1744-25,126.90625184566842,37.706865030653255
167,경기 고양시 덕양구 벽제동 192-1,"음식점 > 한식 > 사철탕,영양탕",산촌보양마을,http://place.map.kakao.com/16740426,경기 고양시 덕양구 호국로 1744-25,126.906247305006,37.7068686309396
168,경기 고양시 덕양구 벽제동 192-1,"음식점 > 한식 > 사철탕,영양탕",옛날보신탕,http://place.map.kakao.com/15927837,경기 고양시 덕양구 호국로 1744-25,126.90625184566842,37.706865030653255
169,경기 고양시 덕양구 벽제동 192-1,"음식점 > 한식 > 사철탕,영양탕",산촌보양마을,http://place.map.kakao.com/16740426,경기 고양시 덕양구 호국로 1744-25,126.906247305006,37.7068686309396
170,경기 고양시 덕양구 벽제동 194,음식점 > 한식,솔향토속촌,http://place.map.kakao.com/20601335,경기 고양시 덕양구 호국로 1744-21,126.905965846852,37.7070413938464
171,경기 고양시 덕양구 벽제동 194,음식점 > 한식,솔향토속촌,http://place.map.kakao.com/20601335,경기 고양시 덕양구 호국로 1744-21,126.905965846852,37.7070413938464
172,경기 고양시 덕양구 고양동 599,"음식점 > 한식 > 해물,생선",생선전문점명가,http://place.map.kakao.com/738422022,경기 고양시 덕양구 호국로 1801,126.90718056054496,37.71145712794335
173,경기 고양시 덕양구 고양동 599,"음식점 > 한식 > 해물,생선",생선전문점명가,http://place.map.kakao.com/738422022,경기 고양시 덕양구 호국로 1801,126.90718056054496,37.71145712794335
174,경기 고양시 덕양구 벽제동 86-1,음식점 > 한식,고향산천,http://place.map.kakao.com/23044981,경기 고양시 덕양구 호국로1873번길 57-14,126.91174687860996,37.71874860432187
175,경기 고양시 덕양구 벽제동 86-1,음식점 > 한식,고향산천,http://place.map.kakao.com/23044981,경기 고양시 덕양구 호국로1873번길 57-14,126.91174687860996,37.71874860432187
